<?xml version="1.0" encoding="UTF-8"?>
<personne>
    <nom>Dorian Vaché</nom>
    <telephone>06 78 90 12 34</telephone>
    <email>dorian.vache@example.com</email>
    <adresse>15 Rue des Plongeurs, 92310 Sèvres, France</adresse>
    <profil>Entraîneur de plongeon passionné, Dorian guide ses plongeurs vers l'excellence en les aidant à maîtriser les techniques de plongeon. Dorian intègre des programmes d'entraînement physique spécifiques pour améliorer la force, la flexibilité et la coordination de ses plongeurs. Dorian offre un coaching personnalisé et attentionné, soutenant chaque plongeur dans son développement.</profil>
    <competences>
        <competence>Maîtrise des techniques avancées de plongeon, y compris les sauts périlleux, les vrilles et les plongeons synchronisés. Conception de programmes d'entraînement personnalisés pour répondre aux besoins individuels et aux objectifs spécifiques de chaque plongeur. Évaluation et analyse des performances des plongeurs pour identifier les points à améliorer et ajuster les programmes d'entraînement en conséquence. Organisation de compétitions, de démonstrations et d'autres événements pour promouvoir le plongeon et encourager la participation des plongeurs.</competence>
    </competences>
    <experiences_professionnelles>
        <experience>Coach Principal de Plongeon au Club de Plongeon de Sèvres (Septembre 2018 - Présent) : Supervision et entraînement des plongeurs de tous niveaux, en solo et en équipe. Élaboration de programmes d'entraînement variés pour améliorer les compétences techniques et la performance. Organisation et coordination des compétitions et des événements du club. Encadrement des plongeurs lors des compétitions et analyse post-performance.
Entraîneur de Plongeon au Centre Aquatique de Suresnes (Juin 2014 - Août 2018) : Enseignement des techniques de base du plongeon aux débutants. Encadrement des plongeurs plus avancés dans l'amélioration de leurs compétences techniques. Organisation de démonstrations et de spectacles de plongeon. Coordination des activités du centre aquatique.</experience>
    </experiences_professionnelles>
</personne>