<?xml version="1.0" encoding="UTF-8"?>
<personne>
    <nom>Hercule Barbell</nom>
    <telephone>06 12 34 56 78</telephone>
    <email>hercule.barbell@example.com</email>
    <adresse>123 Rue de la Force, Paris, 75001, France</adresse>
    <profil>Pratique quotidienne de musculation et fitness, participation à des compétitions. Passion pour l'élaboration de plans alimentaires équilibrés. Escalade, parkour, triathlon.</profil>
    <competences>
        <competence>Planification, supervision, maintenance de salle de sport. Programmes personnalisés, coaching individuel et en groupe. Communication, motivation, gestion de conflits. Connaissances en nutrition sportive. Organisation d'événements sportifs.</competence>
    </competences>
    <experiences_professionnelles>
        <experience>Responsable de Musculation à Salle de Sport Olympica, Paris (Janvier 2018 - Présent): Gestion de l'équipe de coachs sportifs, coordination des emplois du temps et des formations continues. Développement et mise en place de programmes d'entraînement personnalisés pour les membres. Supervision de l'entretien et de la maintenance des équipements de musculation. Organisation de compétitions et d'événements sportifs pour promouvoir la salle et fidéliser les membres. Analyse des performances et ajustement des stratégies pour améliorer l'efficacité des entraînements.
Coach à Fitness Club Élite, Lyon (Mai 2013 - Décembre 2017): Coaching individuel et en petits groupes, spécialisation en musculation et perte de poids. Réalisation de bilans de condition physique et définition d'objectifs personnalisés. Création d'un programme personnalisé de nutrition pour optimiser les performances. Encadrement lors d'événements variés et motivation pour maintenir l'engagement des clients.
Assistant Responsable de Salle de Sport à Gym Maximus, Villeurbanne (Juin 2010 - Avril 2013): Assistance dans la gestion quotidienne de la salle, y compris la planification des cours et la gestion des adhésions. Encadrement des clients lors de séances de musculation et de fitness. Accueil et orientation des nouveaux membres, réalisation de visites guidées et de séances d'essai.</experience>
    </experiences_professionnelles>
</personne>