<?xml version="1.0" encoding="UTF-8"?>
<personne>
    <nom>Marine Plouf</nom>
    <telephone>06 78 90 12 34</telephone>
    <email>marine.plouf@example.com</email>
    <adresse>10 Rue des Nageurs, 92150 Suresnes, France</adresse>
    <profil>Entraîneuse de natation passionnée, Marine aide ses nageurs à améliorer leur technique et leur performance dans l'eau. Marine intègre des programmes d'entraînement physique spécifiques pour optimiser les performances des nageurs. Marine offre un coaching personnalisé et encourageant, adapté aux besoins individuels de chaque nageur.</profil>
    <competences>
        <competence>Maîtrise des techniques avancées de natation, y compris les différentes nages et les virages. Conception de plans d'entraînement personnalisés en fonction des objectifs et des capacités de chaque nageur. Évaluation et analyse approfondies des performances des nageurs pour identifier les points à améliorer. Organisation de compétitions, stages et autres événements pour promouvoir la natation et encourager la participation des nageurs.</competence>
    </competences>
    <experiences_professionnelles>
        <experience>Coach Principal de Natation au Club de Natation de Suresnes (Septembre 2018 - Présent) : Supervision et entraînement des nageurs de tous niveaux, y compris les compétiteurs. Développement de programmes d'entraînement variés pour améliorer la technique et la condition physique. Organisation et coordination des compétitions et des événements du club. Évaluation régulière des progrès des nageurs et ajustement des programmes d'entraînement en conséquence.
Entraîneuse de Natation à la Piscine Municipale de Nanterre (Juin 2014 - Août 2018) : Encadrement des cours de natation pour enfants et adultes de tous niveaux. Évaluation des compétences des nageurs et recommandation de programmes d'entraînement adaptés. Organisation d'activités aquatiques ludiques et éducatives. Coordination des horaires et des activités de la piscine.</experience>
    </experiences_professionnelles>
</personne>