<?xml version="1.0" encoding="UTF-8"?>
<personne>
    <nom>Eva Lucian</nom>
    <telephone>06 98 76 54 32</telephone>
    <email>eva.lucian@example.com</email>
    <adresse>45 Avenue de la Vitalité, Boulogne-Billancourt, 92100, France</adresse>
    <profil>Pratique quotidienne de fitness et bien-être, participation à des formations continues. Passion pour l'équilibre mental et physique avec le yoga et la méditation. Activités de plein air pour maintenir une bonne condition physique comme la randonnée.</profil>
    <competences>
        <competence>Gestion de salle de fitness : Coordination, supervision, entretien. Coordination et supervision. Cours collectifs, programmes personnalisés. Communication, motivation, gestion de groupes. Connaissances en nutrition et bien-être. Organisation d'événements et de challenges sportifs.</competence>
    </competences>
    <experiences_professionnelles>
        <experience>Responsable de Fitness au Centre de Remise en Forme VitalFit, Boulogne-Billancourt (Mars 2019 - Présent) : Supervision de l'équipe de coachs et des instructeurs de fitness, planification des emplois du temps et des formations. Développement et mise en œuvre de programmes de fitness innovants adaptés aux besoins des membres. Surveillance de l'entretien et de la mise à jour des équipements de fitness. Organisation d'ateliers et d'événements pour dynamiser la salle et fidéliser les clients. Suivi des performances des membres et ajustement des programmes pour optimiser les résultats.
Coach Fitness Senior au Wellness Club Energie, Boulogne-Billancourt (Avril 2014 - Février 2019) : Coaching personnalisé en animations de cours collectifs de fitness et de bien-être. Évaluation de la condition physique et définition de plans d'entraînement personnalisés. Conseils nutritionnels et élaboration de plans alimentaires pour accompagner les objectifs de fitness. Encadrement de programmes d'entraînements variés pour maintenir l'intérêt et la motivation des clients.
Instructrice de Fitness à Fitness et Co, Issy-les-Moulineaux (Mai 2010 - Mars 2014) : Animation de cours collectifs de fitness (cardio, renforcement musculaire, yoga, etc.). Encadrement des membres et suivi de leur progression individuelle. Organisation d'événements et d'ateliers de bien-être pour promouvoir la salle et fidéliser les membres.</experience>
    </experiences_professionnelles>
</personne>