<?xml version="1.0" encoding="UTF-8"?>
<personne>
    <nom>Pierre Lonné</nom>
    <telephone>05 46 87 89 01</telephone>
    <email>pierre.lonne@example.com</email>
    <adresse>78 Rue de la Voie, Neuilly-sur-Seine, 92200, France</adresse>
    <profil>Cyclefit et biking : Pratique intensive et participation à des compétitions. Triathlon : Entraînement et participation à des épreuves combinant natation, cyclisme et course à pied. Voyages à vélo : Exploration de nouvelles régions et cultures à travers le cyclotourisme.</profil>
    <competences>
        <competence>Gestion de studio de biking : Coordination, supervision, entretien des équipements. Coaching et animation : Séances de biking, programmes personnalisés. Compétences interpersonnelles : Communication, motivation, gestion de groupe. Connaissances en nutrition sportive. Organisation d'événements cyclistes.</competence>
    </competences>
    <experiences_professionnelles>
        <experience>Responsable Biking au Cyclefit Studio, Neuilly-sur-Seine (Février 2018 - Present) : Supervision et formation de l'équipe d'instructeurs de biking. Développement de programmes d'entraînement de biking innovants et efficaces. Gestion de l'entretien et de la maintenance des vélos et des équipements de biking. Organisation d'événements et de courses internes pour promouvoir le studio et fidéliser les membres. Analyse des performances des membres et ajustement des programmes pour maximiser les résultats.
Coach Biking Senior au SpinZone, Levallois-Perret (Mai 2013 - Janvier 2018) : Conduite de séances de biking individuelles et en groupe, avec un focus sur l'endurance et la performance. Évaluation de la condition physique des clients et établissement de plans d'entraînement personnalisés. Animation de cours collectifs motivants et dynamiques pour tous les niveaux de fitness. Collaboration avec des nutritionnistes pour offrir des conseils alimentaires adaptés aux cyclistes.
Instructeur de Biking à Urban Cycle, Courbevoie (Juin 2010 - Avril 2013) : Animation de cours de biking collectifs et individuels. Assistance à l'organisation des séances de biking, y compris l'accueil des nouveaux membres. Création de plans d'entraînement de biking adaptés aux objectifs individuels des membres.</experience>
    </experiences_professionnelles>
</personne>