<?xml version="1.0" encoding="UTF-8"?>
<personne>
    <nom>Céline Pulsar</nom>
    <telephone>06 12 34 56 78</telephone>
    <email>celine.pulsar@example.com</email>
    <adresse>32 Rue du Souffle, Levallois-Perret, 92300, France</adresse>
    <profil>Cardio-training et fitness : Pratique quotidienne et participation à des formations continues. Course à pied et marathons : Entraînement régulier et participation à des courses locales et nationales. Voyages et découverte de nouvelles cultures : Exploration de différentes approches de fitness à travers le monde.</profil>
    <competences>
        <competence>Gestion de salle de cardio-training : Coordination, supervision, entretien des équipements. Coaching et animation : Séances de cardio, programmes personnalisés. Compétences interpersonnelles : Communication, motivation, gestion de groupe. Connaissances en nutrition sportive. Organisation d'événements et de challenges sportifs.</competence>
    </competences>
    <experiences_professionnelles>
        <experience>Responsable Cardio-Training au CardioFit Center, Levallois-Perret (Avril 2019 - Présent) : Supervision de l'équipe d'instructeurs de cardio-training et planification des emplois du temps et des formations. Développement et mise en oeuvre de programmes de cardio-training variés et efficaces. Gestion de l'entretien et de la maintenance des équipements de cardio-training. Organisation d'événements et de challenges pour encourager l'engagement des membres. Suivi des performances des membres et ajustement des programmes pour optimiser les résultats.
Coach Cardio-Training Senior au Dynamic Fitness, Boulogne-Billancourt (Janvier 2014 - Mars 2019) : Coaching personnalisé et animation de cours collectifs de cardio-training. Évaluation de la condition physique des clients et création de objectifs personnalisés. Conception de programmes d'entraînement variés pour maintenir l'intérêt et la motivation des clients. Collaboration et coordination avec des nutritionnistes pour maximiser les bénéfices des entraînements.
Instructrice de Cardio-Training à Active Pulse, Neuilly-sur-Seine (Août 2010 - Décembre 2013) : Animation de cours de cardio-training collectifs (HIIT, Zumba, aérobic, etc.). Gestion des séances et de la salle, y compris l'accueil des nouveaux membres. Création et mise en oeuvre de programmes d'entraînement adaptés aux différents niveaux de fitness.</experience>
    </experiences_professionnelles>
</personne>