<?xml version="1.0" encoding="UTF-8"?>
<personne>
    <nom>Claude Hernandez</nom>
    <telephone>06 87 65 43 21</telephone>
    <email>claude.hernandez@example.com</email>
    <adresse>15 Rue des Sports, 93500 Pantin, France</adresse>
    <profil>Passionné par les cours collectifs, Claude aide les participants à atteindre leurs objectifs de fitness grâce à des sessions dynamiques et motivantes. Claude aime intégrer divers aspects du fitness pour créer des programmes d'entraînement équilibrés et efficaces. En complément du fitness, Claude pratique le yoga et la méditation pour une approche holistique du bien-être.</profil>
    <competences>
        <competence>Supervision et gestion de différents types de cours collectifs, adaptés à tous les niveaux. Capacité à motiver et encourager les participants, en créant une atmosphère positive et énergique. Adaptation des exercices en fonction des capacités et des besoins individuels des participants. Organisation de divers événements sportifs et communautaires pour promouvoir le fitness et la santé. Connaissances approfondies en nutrition pour conseiller les participants sur un mode de vie sain.</competence>
    </competences>
    <experiences_professionnelles>
        <experience>Responsable des Cours Collectifs au Club de Fitness de Pantin (Septembre 2018 - Présent) : Supervision et animation des cours collectifs pour divers groupes d'âge et niveaux. Développement de programmes d'entraînement adaptés aux objectifs des participants. Organisation d'événements et de compétitions internes pour encourager la participation. Encadrement des nouveaux coachs et aide à leur formation.
Coach de Fitness au Centre Sportif de Montreuil (Juin 2014 - Août 2018) : Animation de cours collectifs et individuels de fitness. Conception de plans d'entraînement personnalisés pour les clients. Suivi des progrès des participants et ajustement des programmes en conséquence. Promotion des cours de fitness et recrutement de nouveaux membres.</experience>
    </experiences_professionnelles>
</personne>