<?xml version="1.0" encoding="UTF-8"?>
<personne>
    <nom>Sophie Bleur</nom>
    <telephone>06 54 32 10 98</telephone>
    <email>sophie.bleur@example.com</email>
    <adresse>28 Avenue des Champions, 92400 Courbevoie, France</adresse>
    <profil>Entraîneuse de basketball passionnée, Sophie aide ses joueurs à exceller sur le terrain et à développer des compétences de vie essentielles. Sophie intègre des programmes d'entraînement physique complets pour maximiser les performances des joueurs. Sophie offre un encadrement personnalisé, motivant et soutenant pour chaque joueur.</profil>
    <competences>
        <competence>Développement et supervision des entraînements pour améliorer les compétences techniques et tactiques des joueurs. Élaboration de stratégies de jeu et planification des tactiques pour les matchs. Supervision et gestion de l'équipe, incluant la communication et la résolution de conflits. Évaluation et analyse des performances des joueurs pour ajuster les entraînements et les stratégies. Organisation de tournois, stages et autres événements pour encourager la participation et l'engagement des joueurs.</competence>
    </competences>
    <experiences_professionnelles>
        <experience>Coach Principal de Basketball au Club de Basketball de Courbevoie (Septembre 2018 - Présent) : Supervision et entraînement des équipes junior et senior. Développement de plans d'entraînement personnalisés pour améliorer les compétences des joueurs. Organisation et gestion des matchs, compétitions et entraînements. Encadrement des jeunes talents et promotion de leur progression vers des niveaux supérieurs.
Assistante Coach de Basketball au Club de Basketball de Nanterre (Juin 2014 - Août 2018) : Assistance dans la planification et la mise en œuvre des entraînements. Évaluation des performances des joueurs et soutien dans leur développement technique. Organisation de stages et de camps d'entraînement pour jeunes joueurs. Coordination des activités et des événements sportifs du club.</experience>
    </experiences_professionnelles>
</personne>