<?xml version="1.0" encoding="UTF-8"?>
<personne>
    <nom>Alex Bill</nom>
    <telephone>06 78 90 12 34</telephone>
    <email>alex.bill@example.com</email>
    <adresse>45 Rue des Sportifs, 92000 Nanterre, France</adresse>
    <profil>Entraîneur de football dévoué, Alex se consacre à aider les joueurs à développer leurs compétences techniques et tactiques. Alex intègre des programmes d'entraînement physique rigoureux pour maximiser les performances des joueurs sur le terrain. Alex offre un coaching motivant et personnalisé, soutenant chaque joueur dans son développement.</profil>
    <competences>
        <competence>Développement et supervision des entraînements pour améliorer les compétences techniques et tactiques des joueurs. Élaboration de stratégies de jeu et planification des tactiques pour les matchs. Supervision et gestion de l'équipe, incluant la communication et la résolution de conflits. Évaluation et analyse des performances des joueurs pour ajuster les entraînements et les stratégies. Organisation de tournois, stages et autres événements pour encourager la participation et l'engagement des joueurs.</competence>
    </competences>
    <experiences_professionnelles>
        <experience>Coach Principal de Football au Club de Football de Nanterre (Septembre 2018 - Présent) : Supervision et entraînement des équipes junior et senior. Développement de plans d'entraînement personnalisés pour améliorer les compétences des joueurs. Organisation et gestion des matchs, compétitions et entraînements. Encadrement des jeunes talents et promotion de leur progression vers des niveaux supérieurs.
Assistant Coach de Football au Club de Football de Rueil-Malmaison (Juin 2014 - Août 2018) : Assistance dans la planification et la mise en œuvre des entraînements. Évaluation des performances des joueurs et soutien dans leur développement technique. Organisation de stages et de camps d'entraînement pour jeunes joueurs. Coordination des activités et des événements sportifs du club.</experience>
    </experiences_professionnelles>
</personne>