<?xml version="1.0" encoding="UTF-8"?>
<personne>
    <nom>Pascal Set</nom>
    <telephone>06 54 32 10 98</telephone>
    <email>pascal.set@example.com</email>
    <adresse>7 Rue des Tennis, 92130 Issy-les-Moulineaux, France</adresse>
    <profil>Entraîneur de tennis passionné, Pascal aide ses joueurs à perfectionner leurs compétences techniques et mentales. Pascal intègre des programmes d'entraînement physique spécifiques pour maximiser les performances des joueurs. Pascal offre un coaching personnalisé et motivant, adapté aux besoins individuels de chaque joueur.</profil>
    <competences>
        <competence>Maîtrise des techniques avancées du tennis, y compris le service, la volée, le revers, et le jeu de jambes. Conception de plans d'entraînement personnalisés en fonction des points forts et des faiblesses de chaque joueur. Évaluation et analyse approfondies des performances des joueurs pour identifier les domaines d'amélioration. Organisation de tournois, stages et autres événements pour promouvoir le tennis et encourager la participation des joueurs.</competence>
    </competences>
    <experiences_professionnelles>
        <experience>Coach Principal de Tennis au Club de Tennis d'Issy-les-Moulineaux (Septembre 2018 - Présent) : Supervision et entraînement des joueurs de tous niveaux, y compris les jeunes talents. Conception de programmes d'entraînement personnalisés pour améliorer les compétences techniques et tactiques. Organisation de matchs amicaux, tournois internes et compétitions officielles. Encadrement des joueurs lors des compétitions et analyse post-match. 
Assistant Coach de Tennis à l'Académie de Tennis de Clamart (Juin 2014 - Août 2018) : Assistance dans la planification et la mise en œuvre des entraînements individuels et collectifs. Évaluation des performances des joueurs et suivi de leur progression. Participation à l'organisation de stages et de camps d'entraînement. Coordination des activités de l'académie et soutien logistique lors des tournois.</experience>
    </experiences_professionnelles>
</personne>
